{"cameraMode":{"drawMode":0,"name":"Shaded","section":"Shading Mode"},"sceneLighting":true,"audioPlay":false,"sceneViewState":{"showFog":true,"showMaterialUpdate":false,"showSkybox":true,"showFlares":true,"showImageEffects":true,"showParticleSystems":true},"in2DMode":false,"pivot":{"x":62.15491485595703,"y":137.73052978515626,"z":-90.46199798583985},"rotation":{"x":0.24352414906024934,"y":-0.00436451006680727,"z":0.0010958656203001738,"w":0.9698853492736816},"size":3.036508083343506,"orthographic":false}