{"cameraMode":{"drawMode":0,"name":"Shaded","section":"Shading Mode"},"sceneLighting":true,"audioPlay":false,"sceneViewState":{"showFog":true,"showMaterialUpdate":false,"showSkybox":true,"showFlares":true,"showImageEffects":true,"showParticleSystems":true},"in2DMode":false,"pivot":{"x":-163.04306030273438,"y":-8.284843444824219,"z":-140.62649536132813},"rotation":{"x":-0.0018078709254041315,"y":0.9483333826065064,"z":-0.317227303981781,"w":-0.005404477007687092},"size":317.42578125,"orthographic":false}