{"cameraMode":{"drawMode":0,"name":"Shaded","section":"Shading Mode"},"sceneLighting":false,"audioPlay":false,"sceneViewState":{"showFog":true,"showMaterialUpdate":false,"showSkybox":false,"showFlares":true,"showImageEffects":true,"showParticleSystems":true},"in2DMode":false,"pivot":{"x":-90.1111068725586,"y":15.160082817077637,"z":-73.45176696777344},"rotation":{"x":0.1670949012041092,"y":-0.3452410399913788,"z":0.06260795146226883,"w":0.9214011430740356},"size":83.99563598632813,"orthographic":true}